Organization ID,Life-Cycle Analytics ID,Date,Metric 1,Metric 2,Metric 3,Metric 4,Metric 5,Metric 1,Metric 2,Metric 3,Metric 4,Metric 5,Metric 1,Metric 2,Metric 3,Metric 4,Metric 5
<organization-id>,<life-cycle-analytics-id>,<date>,<metric-1>,<metric-2>,<metric-3>,<metric-4>,<metric-5>,<metric-1>,<metric-2>,<metric-3>,<metric-4>,<metric-5>,<metric-1>,<metric-2>,<metric-3>,<metric-4>,<metric-5>
<organization-id>,<life-cycle-analytics-id>,<date>,<metric-1>,<metric-2>,<metric-3>,<metric-4>,<metric-5>,<metric-1>,<metric-2>,<metric-3>,<metric-4>,<metric-5>,<metric-1>,<metric-2>,<metric-3>,<metric-4>,<metric-5>
<organization-id>,<life-cycle-analytics-id>,<date>,<metric-1>,<metric-2>,<metric-3>,<metric-4>,<metric-5>,<metric-1>,<metric-2>,<metric-3>,<metric-4>,<metric-5>,<metric-1>,<metric-2>,<metric-3>,<metric-4>,<metric-5>
<organization-id>,<life-cycle-analytics-id>,<date>,<metric-1>,<metric-2>,<metric-3>,<metric-4>,<metric-5>,<metric-1>,<metric-2>,<metric-3>,<metric-4>,<metric-5>,<metric-1>,<metric-2>,<metric-3>,<metric-4>,<metric-5>
<organization-id>,<life-cycle-analytics-id>,<date>,<metric-1>,<metric-2>,<metric-3>,<metric-4>,<metric-5>,<metric-1>,<metric-2>,<metric-3>,<metric-4>,<metric-5>,<metric-1>,<metric-2>,<metric-3>,<metric-4>,<metric-5>
<organization-id>,<life-cycle-analytics-id>,<date>,<metric-1>,<metric-2>,<metric-3>,<metric-4>,<metric-5>,<metric-1>,<metric-2>,<metric-3>,<metric-4>,<metric-5>,<metric-1>,<metric-2>,<metric-3>,<metric-4>,<metric-5>
<organization-id>,<life-cycle-analytics-id>,<date>,<metric-1>,<metric-2>,<metric-3>,<metric-4>,<metric-5>,<metric-1>,<metric-2>,<metric-3>,<metric-4>,<metric-5>,<metric-1>,<metric-2>,<metric-3>,<metric-4>,<metric-5>
<organization-id>,<life-cycle-analytics-id>,<date>,<metric-1>,<metric-2>,<metric-3>,<metric-4>,<metric-5>,<metric-1>,<metric-2>,<metric-3>,<metric-4>,<metric-5>,<metric-1>,<metric-2>,<metric-3>,<metric-4>,<metric-5>
<organization-id>,<life-cycle-analytics-id>,<date>,<metric-1>,<metric-2>,<metric-3>,<metric-4>,<metric-5>,<metric-1>,<metric-2>,<metric-3>,<metric-4>,<metric-5>,<metric-1>,<metric-2>,<metric-3>,<metric-4>,<metric-5>
<organization-id>,<life-cycle-analytics-id>,<date>,<metric-1>,<metric-2>,<metric-3>,<metric-4>,<metric-5>,<metric-1>,<metric-2>,<metric-3>,<metric-4>,<metric-5>,<metric-1>,<metric-2>,<metric-3>,<metric-4>,<metric-5>
<organization-id>,<life-cycle-analytics-id>,<date>,<metric-1>,<metric-2>,<metric-3>,<metric-4>,<metric-5>,<metric-1>,<metric-2>,<metric-3>,<metric-4>,<metric-5>,<metric-1>,<metric-2>,<metric-3>,<metric-4>,<metric-5>
<organization-id>,<life-cycle-analytics-id>,<date>,<metric-1>,<metric-2>,<metric-3>,<metric-4>,<metric-5>,<metric-1>,<metric-2>,<metric-3>,<metric-4>,<metric-5>,<metric-1>,<metric-2>,<metric-3>,<metric-4>,<metric-5>
<organization-id>,<life-cycle-analytics-id>,<date>,<metric-1>,<metric-2>,<metric-3>,<metric-4>,<metric-5>,<metric-1>,<metric-2>,<metric-3>,<metric-4>,<metric-5>,<metric-1>,<metric-2>,<metric-3>,<metric-4>,<metric-5>
<organization-id>,<life-cycle-analytics-id>,<date>,<metric-1>,<metric-2>,<metric-3>,<metric-4>,<metric-5>,<metric-1>,<metric-2>,<metric-3>,<metric-4>,<metric-5>,<metric-1>,<metric-2>,<metric-3>,<metric-4>,<metric-5>
<organization-id>,<life-cycle-analytics-id>,<date>,<metric-1>,<metric-2>,<metric-3>,<metric-4>,<metric-5>,<metric-1>,<metric-2>,<metric-3>,<metric-4>,<metric-5>,<metric-1>,<metric-2>,<metric-3>,<metric-4>,<metric-5>
<organization-id>,<life-cycle-analytics-id>,<date>,<metric-1>,<metric-2>,<metric-3>,<metric-4>,<metric-5>,<metric-1>,<metric-2>,<metric-3>,<metric-4>,<metric-5>,<metric-1>,<metric-2>,<metric-3>,<metric-4>,<metric-5>
<organization-id>,<life-cycle-analytics-id>,<date>,<metric-1>,<metric-2>,<metric-3>,<metric-4>,<metric-5>,<metric-1>,<metric-2>,<metric-3>,<metric-4>,<metric-5>,<metric-1>,<metric-2>,<metric-3>,<metric-4>,<metric-5>
<organization-id>,<life-cycle-analytics-id>,<date>,<metric-1>,<metric-2>,<metric-3>,<metric-4>,<metric-5>,<metric-1>,<metric-2>,<metric-3>,<metric-4>,<metric-5>,<metric-1>,<metric-2>,<metric-3>,<metric-4>,<metric-5>
<organization-id>,<life-cycle-analytics-id>,<date>,<metric-1>,<metric-2>,<metric-3>,<metric-4>,<metric-5>,<metric-1>,<metric-2>,<metric-3>,<metric-4>,<metric-5>,<metric-1>,<metric-2>,<metric-3>,<metric-4>,<metric-5>
<organization-id>,<life-cycle-analytics-id>,<date>,<metric-1>,<metric-2>,<metric-3>,<metric-4>,<metric-5>,<metric-1>,<metric-2>,<metric-3>,<metric-4>,<metric-5>,<metric-1>,<metric-2>,<metric-3>,<metric-4>,<metric-5>
<organization-id>,<life-cycle-analytics-id>,<date>,<metric-1>,<metric-2>,<metric-3>,<metric-4>,<metric-5>,<metric-1>,<metric-2>,<metric-3>,<metric-4>,<metric-5>,<metric-1>,<metric-2>,<metric-3>,<metric-4>,<metric-5>
<organization-id>,<life-cycle-analytics-id>,<date>,<metric-1>,<metric-2>,<metric-3>,<metric-4>,<metric-5>,<metric-1>,<metric-2>,<metric-3>,<metric-4>,<metric-5>,<metric-1>,<metric-2>,<metric-3>,<metric-4>,<metric-5>
<organization-id>,<life-cycle-analytics-id>,<date>,<metric-1>,<metric-2>,<metric-3>,<metric-4>,<metric-5>,<metric-1>,<metric-2>,<metric-3>,<metric-4>,<metric-5>,<metric-1>,<metric-2>,<metric-3>,<metric-4>,<metric-5>
<organization-id>,<life-cycle-analytics-id>,<date>,<metric-1>,<metric-2>,<metric-3>,<metric-4>,<metric-5>,<metric-1>,<metric-2>,<metric-3>,<metric-4>,<metric-5>,<metric-1>,<metric-2>,<metric-3>,<metric-4>,<metric-5>
<organization-id>,<life-cycle-analytics-id>,<date>,<metric-1>,<metric-2>,<metric-3>,<metric-4>,<metric-5>,<metric-1>,<metric-2>,<metric-3>,<metric-4>,<metric-5>,<metric-1>,<metric-2>,<metric-3>,<metric-4>,<metric-5>
<organization-id>,<life-cycle-analytics-id>,<date>,<metric-1>,<metric-2>,<metric-3>,<metric-4>,<metric-5>,<metric-1>,<metric-2>,<metric-3>,<metric-4>,<metric-5>,<metric-1>,<metric-2>,<metric-3>,<metric-4>,<metric-5>
<organization-id>,<life-cycle-analytics-id>,<date>,<metric-1>,<metric-2>,<metric-3>,<metric-4>,<metric-5>,<metric-1>,<metric-2>,<metric-3>,<metric-4>,<metric-5>,<metric-1>,<metric-2>,<metric-3>,<metric-4>,<metric-5>
<organization-id>,<life-cycle-analytics-id>,<date>,<metric-1>,<metric-2>,<metric-3>,<metric-4>,<metric-5>,<metric-1>,<metric-2>,<metric-3>,<metric-4>,<metric-5>,<metric-1>,<metric-2>,<metric-3>,<metric-4>,<metric-5>
<organization-id>,<life-cycle-analytics-id>,<date>,<metric-1>,<metric-2>,<metric-3>,<metric-4>,<metric-5>,<metric-1>,<metric-2>,<metric-3>,<metric-4>,<metric-5>,<metric-1>,<metric-2>,<metric-3>,<metric-4>,<metric-5>
<organization-id>,<life-cycle-analytics-id>,<date>,<metric-1>,<metric-2>,<metric-3>,<metric-4>,<metric-5>,<metric-1>,<metric-2>,<metric-3>,<metric-4>,<metric-5>,<metric-1>,<metric-2>,<metric-3>,<metric-4>,<metric-5>
<organization-id>,<life-cycle-analytics-id>,<date>,<metric-1>,<metric-2>,<metric-3>,<metric-4>,<metric-5>,<metric-1>,<metric-2>,<metric-3>,<metric-4>,<metric-5>,<metric-1>,<metric-2>,<metric-3>,<metric-4>,<metric-5>
<organization-id>,<life-cycle-analytics-id>,<date>,<metric-1>,<metric-2>,<metric-3>,<metric-4>,<metric-5>,<metric-1>,<metric-2>,<metric-3>,<metric-4>,<metric-5>,<metric-1>,<metric-2>,<metric-3>,<metric-4>,<metric-5>
<organization-id>,<life-cycle-analytics-id>,<date>,<metric-1>,<metric-2>,<metric-3>,<metric-4>,<metric-5>,<metric-1>,<metric-2>,<metric-3>,<metric-4>,<metric-5>,<metric-1>,<metric-2>,<metric-3>,<metric-4>,<metric-5>
