Organization ID,Organization,About,Sector,Technology,Headquarter,Founder,Employees,IPO Status,Investors,Funding Type,Funding Rounds,Funding Amount,CB Rank,Recent News & Activities,Contact Email,Contact Phone,URL
<organization-id>,<organization>,<about>,<sector>,<technology>,<head-quarter>,<founder>,<employee>,<status>,<investor>,<funding-type>,<funding-round>,<funding-amount>,<cb-rank>,<date: news><date: news>,<contact-email>,<contact-phone>,<url>
<organization-id>,<organization>,<about>,<sector>,<technology>,<head-quarter>,<founder>,<employee>,<status>,<investor>,<funding-type>,<funding-round>,<funding-amount>,<cb-rank>,<date: news><date: news>,<contact-email>,<contact-phone>,<url>
<organization-id>,<organization>,<about>,<sector>,<technology>,<head-quarter>,<founder>,<employee>,<status>,<investor>,<funding-type>,<funding-round>,<funding-amount>,<cb-rank>,<date: news><date: news>,<contact-email>,<contact-phone>,<url>
<organization-id>,<organization>,<about>,<sector>,<technology>,<head-quarter>,<founder>,<employee>,<status>,<investor>,<funding-type>,<funding-round>,<funding-amount>,<cb-rank>,<date: news><date: news>,<contact-email>,<contact-phone>,<url>
<organization-id>,<organization>,<about>,<sector>,<technology>,<head-quarter>,<founder>,<employee>,<status>,<investor>,<funding-type>,<funding-round>,<funding-amount>,<cb-rank>,<date: news><date: news>,<contact-email>,<contact-phone>,<url>
<organization-id>,<organization>,<about>,<sector>,<technology>,<head-quarter>,<founder>,<employee>,<status>,<investor>,<funding-type>,<funding-round>,<funding-amount>,<cb-rank>,<date: news><date: news>,<contact-email>,<contact-phone>,<url>
<organization-id>,<organization>,<about>,<sector>,<technology>,<head-quarter>,<founder>,<employee>,<status>,<investor>,<funding-type>,<funding-round>,<funding-amount>,<cb-rank>,<date: news><date: news>,<contact-email>,<contact-phone>,<url>
<organization-id>,<organization>,<about>,<sector>,<technology>,<head-quarter>,<founder>,<employee>,<status>,<investor>,<funding-type>,<funding-round>,<funding-amount>,<cb-rank>,<date: news><date: news>,<contact-email>,<contact-phone>,<url>
<organization-id>,<organization>,<about>,<sector>,<technology>,<head-quarter>,<founder>,<employee>,<status>,<investor>,<funding-type>,<funding-round>,<funding-amount>,<cb-rank>,<date: news><date: news>,<contact-email>,<contact-phone>,<url>
<organization-id>,<organization>,<about>,<sector>,<technology>,<head-quarter>,<founder>,<employee>,<status>,<investor>,<funding-type>,<funding-round>,<funding-amount>,<cb-rank>,<date: news><date: news>,<contact-email>,<contact-phone>,<url>
<organization-id>,<organization>,<about>,<sector>,<technology>,<head-quarter>,<founder>,<employee>,<status>,<investor>,<funding-type>,<funding-round>,<funding-amount>,<cb-rank>,<date: news><date: news>,<contact-email>,<contact-phone>,<url>
<organization-id>,<organization>,<about>,<sector>,<technology>,<head-quarter>,<founder>,<employee>,<status>,<investor>,<funding-type>,<funding-round>,<funding-amount>,<cb-rank>,<date: news><date: news>,<contact-email>,<contact-phone>,<url>
<organization-id>,<organization>,<about>,<sector>,<technology>,<head-quarter>,<founder>,<employee>,<status>,<investor>,<funding-type>,<funding-round>,<funding-amount>,<cb-rank>,<date: news><date: news>,<contact-email>,<contact-phone>,<url>
<organization-id>,<organization>,<about>,<sector>,<technology>,<head-quarter>,<founder>,<employee>,<status>,<investor>,<funding-type>,<funding-round>,<funding-amount>,<cb-rank>,<date: news><date: news>,<contact-email>,<contact-phone>,<url>
<organization-id>,<organization>,<about>,<sector>,<technology>,<head-quarter>,<founder>,<employee>,<status>,<investor>,<funding-type>,<funding-round>,<funding-amount>,<cb-rank>,<date: news><date: news>,<contact-email>,<contact-phone>,<url>
<organization-id>,<organization>,<about>,<sector>,<technology>,<head-quarter>,<founder>,<employee>,<status>,<investor>,<funding-type>,<funding-round>,<funding-amount>,<cb-rank>,<date: news><date: news>,<contact-email>,<contact-phone>,<url>
<organization-id>,<organization>,<about>,<sector>,<technology>,<head-quarter>,<founder>,<employee>,<status>,<investor>,<funding-type>,<funding-round>,<funding-amount>,<cb-rank>,<date: news><date: news>,<contact-email>,<contact-phone>,<url>
<organization-id>,<organization>,<about>,<sector>,<technology>,<head-quarter>,<founder>,<employee>,<status>,<investor>,<funding-type>,<funding-round>,<funding-amount>,<cb-rank>,<date: news><date: news>,<contact-email>,<contact-phone>,<url>
<organization-id>,<organization>,<about>,<sector>,<technology>,<head-quarter>,<founder>,<employee>,<status>,<investor>,<funding-type>,<funding-round>,<funding-amount>,<cb-rank>,<date: news><date: news>,<contact-email>,<contact-phone>,<url>
<organization-id>,<organization>,<about>,<sector>,<technology>,<head-quarter>,<founder>,<employee>,<status>,<investor>,<funding-type>,<funding-round>,<funding-amount>,<cb-rank>,<date: news><date: news>,<contact-email>,<contact-phone>,<url>
<organization-id>,<organization>,<about>,<sector>,<technology>,<head-quarter>,<founder>,<employee>,<status>,<investor>,<funding-type>,<funding-round>,<funding-amount>,<cb-rank>,<date: news><date: news>,<contact-email>,<contact-phone>,<url>
<organization-id>,<organization>,<about>,<sector>,<technology>,<head-quarter>,<founder>,<employee>,<status>,<investor>,<funding-type>,<funding-round>,<funding-amount>,<cb-rank>,<date: news><date: news>,<contact-email>,<contact-phone>,<url>
<organization-id>,<organization>,<about>,<sector>,<technology>,<head-quarter>,<founder>,<employee>,<status>,<investor>,<funding-type>,<funding-round>,<funding-amount>,<cb-rank>,<date: news><date: news>,<contact-email>,<contact-phone>,<url>
<organization-id>,<organization>,<about>,<sector>,<technology>,<head-quarter>,<founder>,<employee>,<status>,<investor>,<funding-type>,<funding-round>,<funding-amount>,<cb-rank>,<date: news><date: news>,<contact-email>,<contact-phone>,<url>
<organization-id>,<organization>,<about>,<sector>,<technology>,<head-quarter>,<founder>,<employee>,<status>,<investor>,<funding-type>,<funding-round>,<funding-amount>,<cb-rank>,<date: news><date: news>,<contact-email>,<contact-phone>,<url>
<organization-id>,<organization>,<about>,<sector>,<technology>,<head-quarter>,<founder>,<employee>,<status>,<investor>,<funding-type>,<funding-round>,<funding-amount>,<cb-rank>,<date: news><date: news>,<contact-email>,<contact-phone>,<url>
<organization-id>,<organization>,<about>,<sector>,<technology>,<head-quarter>,<founder>,<employee>,<status>,<investor>,<funding-type>,<funding-round>,<funding-amount>,<cb-rank>,<date: news><date: news>,<contact-email>,<contact-phone>,<url>
<organization-id>,<organization>,<about>,<sector>,<technology>,<head-quarter>,<founder>,<employee>,<status>,<investor>,<funding-type>,<funding-round>,<funding-amount>,<cb-rank>,<date: news><date: news>,<contact-email>,<contact-phone>,<url>
<organization-id>,<organization>,<about>,<sector>,<technology>,<head-quarter>,<founder>,<employee>,<status>,<investor>,<funding-type>,<funding-round>,<funding-amount>,<cb-rank>,<date: news><date: news>,<contact-email>,<contact-phone>,<url>
<organization-id>,<organization>,<about>,<sector>,<technology>,<head-quarter>,<founder>,<employee>,<status>,<investor>,<funding-type>,<funding-round>,<funding-amount>,<cb-rank>,<date: news><date: news>,<contact-email>,<contact-phone>,<url>
<organization-id>,<organization>,<about>,<sector>,<technology>,<head-quarter>,<founder>,<employee>,<status>,<investor>,<funding-type>,<funding-round>,<funding-amount>,<cb-rank>,<date: news><date: news>,<contact-email>,<contact-phone>,<url>
<organization-id>,<organization>,<about>,<sector>,<technology>,<head-quarter>,<founder>,<employee>,<status>,<investor>,<funding-type>,<funding-round>,<funding-amount>,<cb-rank>,<date: news><date: news>,<contact-email>,<contact-phone>,<url>
<organization-id>,<organization>,<about>,<sector>,<technology>,<head-quarter>,<founder>,<employee>,<status>,<investor>,<funding-type>,<funding-round>,<funding-amount>,<cb-rank>,<date: news><date: news>,<contact-email>,<contact-phone>,<url>
<organization-id>,<organization>,<about>,<sector>,<technology>,<head-quarter>,<founder>,<employee>,<status>,<investor>,<funding-type>,<funding-round>,<funding-amount>,<cb-rank>,<date: news><date: news>,<contact-email>,<contact-phone>,<url>
<organization-id>,<organization>,<about>,<sector>,<technology>,<head-quarter>,<founder>,<employee>,<status>,<investor>,<funding-type>,<funding-round>,<funding-amount>,<cb-rank>,<date: news><date: news>,<contact-email>,<contact-phone>,<url>
<organization-id>,<organization>,<about>,<sector>,<technology>,<head-quarter>,<founder>,<employee>,<status>,<investor>,<funding-type>,<funding-round>,<funding-amount>,<cb-rank>,<date: news><date: news>,<contact-email>,<contact-phone>,<url>
<organization-id>,<organization>,<about>,<sector>,<technology>,<head-quarter>,<founder>,<employee>,<status>,<investor>,<funding-type>,<funding-round>,<funding-amount>,<cb-rank>,<date: news><date: news>,<contact-email>,<contact-phone>,<url>
<organization-id>,<organization>,<about>,<sector>,<technology>,<head-quarter>,<founder>,<employee>,<status>,<investor>,<funding-type>,<funding-round>,<funding-amount>,<cb-rank>,<date: news><date: news>,<contact-email>,<contact-phone>,<url>
<organization-id>,<organization>,<about>,<sector>,<technology>,<head-quarter>,<founder>,<employee>,<status>,<investor>,<funding-type>,<funding-round>,<funding-amount>,<cb-rank>,<date: news><date: news>,<contact-email>,<contact-phone>,<url>
